{"cameraMode":{"drawMode":0,"name":"Shaded","section":"Shading Mode"},"sceneLighting":false,"audioPlay":false,"sceneViewState":{"showFog":true,"showMaterialUpdate":false,"showSkybox":true,"showFlares":true,"showImageEffects":true,"showParticleSystems":true},"in2DMode":false,"pivot":{"x":-0.3214499056339264,"y":0.003908395767211914,"z":0.018352508544921876},"rotation":{"x":-0.39595702290534975,"y":-0.10213529318571091,"z":0.04436883702874184,"w":-0.911492109298706},"size":2.3216562271118166,"orthographic":false}