{"cameraMode":{"drawMode":0,"name":"Shaded","section":"Shading Mode"},"sceneLighting":false,"audioPlay":false,"sceneViewState":{"showFog":true,"showMaterialUpdate":false,"showSkybox":true,"showFlares":true,"showImageEffects":true,"showParticleSystems":true},"in2DMode":false,"pivot":{"x":-0.8138316869735718,"y":-0.013378329575061798,"z":1.4353032112121583},"rotation":{"x":0.25085198879241946,"y":0.45135223865509035,"z":-0.133859783411026,"w":0.8458345532417297},"size":0.7637104988098145,"orthographic":false}