{"cameraMode":{"drawMode":0,"name":"Shaded","section":"Shading Mode"},"sceneLighting":false,"audioPlay":false,"sceneViewState":{"showFog":true,"showMaterialUpdate":false,"showSkybox":true,"showFlares":true,"showImageEffects":true,"showParticleSystems":true},"in2DMode":false,"pivot":{"x":415.2300109863281,"y":196.14999389648438,"z":2.0799999237060549},"rotation":{"x":0.019575560465455056,"y":-0.980413019657135,"z":0.14097324013710023,"w":0.13613826036453248},"size":1.9139922857284547,"orthographic":false}