{"cameraMode":{"drawMode":0,"name":"Shaded","section":"Shading Mode"},"sceneLighting":false,"audioPlay":false,"sceneViewState":{"showFog":true,"showMaterialUpdate":false,"showSkybox":true,"showFlares":true,"showImageEffects":true,"showParticleSystems":true},"in2DMode":false,"pivot":{"x":-5.311767578125,"y":-4.769344806671143,"z":1.576052188873291},"rotation":{"x":-0.18414120376110078,"y":-0.5197752714157105,"z":0.1158556193113327,"w":-0.8261374831199646},"size":0.6599617600440979,"orthographic":false}