{"cameraMode":{"drawMode":0,"name":"Shaded","section":"Shading Mode"},"sceneLighting":false,"audioPlay":false,"sceneViewState":{"showFog":true,"showMaterialUpdate":false,"showSkybox":true,"showFlares":true,"showImageEffects":true,"showParticleSystems":true},"in2DMode":false,"pivot":{"x":0.6190654039382935,"y":0.9247959852218628,"z":-2.750312566757202},"rotation":{"x":0.039823006838560107,"y":0.9219203591346741,"z":-0.09855752438306809,"w":0.37250959873199465},"size":2.1975390911102297,"orthographic":true}